{"schemaVersion":"1.0","appDefinitionTemplate":{"id":"/providers/Microsoft.PowerApps/apps/","type":"Microsoft.PowerApps/apps","tags":{"primaryDeviceWidth":"1366","primaryDeviceHeight":"768","supportsPortrait":"true","supportsLandscape":"true","primaryFormFactor":"Tablet","showStatusBar":"false","publisherVersion":"3.24084.21","minimumRequiredApiVersion":"2.2.0","hasComponent":"false","hasUnlockedComponent":"false","isUnifiedRootApp":"false","sienaVersion":"20240904T102414Z-3.24084.21.0"},"properties":{"appVersion":"2024-09-04T10:24:14Z","lifeCycleId":"Published","createdByClientVersion":{"major":3,"minor":24084,"build":21,"revision":0,"majorRevision":0,"minorRevision":0},"minClientVersion":{"major":3,"minor":24084,"build":21,"revision":0,"majorRevision":0,"minorRevision":0},"backgroundColor":"RGBA(0,176,240,1)","backgroundImageUri":"/11355297756144958668/N9f1cc776-c844-4523-a0e6-5b26bef923a2-logoSmallFile","displayName":"Shop HiFi","description":"","commitMessage":"","appUris":{"documentUri":{"value":"/11355297756144958668/N001c3309-66c4-4dc0-be82-6b00b0364916-document.msapp"},"imageUris":[],"additionalUris":[{"isSolutionAware":false,"value":"/11355297756144958668/N404917f3-b897-41bc-9203-5117717ad9b9-identity.json"}]},"createdTime":"0001-01-01T00:00:00Z","lastModifiedTime":"0001-01-01T00:00:00Z","sharedGroupsCount":0,"sharedUsersCount":0,"connectionReferences":{"5eebbaec-1edc-4f10-beac-c59ccfe6670b":{"id":"0a466c9a-1ded-4ad1-b766-c7836b0a64af","displayName":"SharePoint","iconUri":"https://connectoricons-prod.azureedge.net/u/jayawan/releases/v1.0.1697/1.0.1697.3786/sharepointonline/icon.png","dataSources":["Product List","Category List","Order Details"],"dependencies":[],"dependents":[],"parameterHints":{},"parameterHintsV2":{},"isOnPremiseConnection":false,"bypassConsent":false,"dataSets":{"https://starknowledge.sharepoint.com/sites/Respire":{"dataSources":{"Product List":{"tableName":"3fd3cf88-2a6f-4bb0-9b2b-41c3ae4c29c7"},"Category List":{"tableName":"c78bb5ef-a685-4c77-87d0-1d29e91b9c32"},"Order Details":{"tableName":"f4d2be08-b662-4e72-a598-f007e2f62dbd"}}}},"apiTier":"Standard","isCustomApiConnection":false,"actions":["providers/PowerPlatform.Governance/Operations/Read"]}},"databaseReferences":{},"almMode":"Environment","performanceOptimizationEnabled":false,"canConsumeAppPass":false,"enableModernRuntimeMode":false,"executionRestrictions":{"isTeamsOnly":false,"dataLossPreventionEvaluationResult":{"status":"Compliant","lastEvaluationDate":"2024-09-04T10:24:20.1416807Z","violations":[],"violationsByPolicy":[],"violationErrorMessage":"The app uses the following connectors: shared_sharepointonline."}}},"appType":"ClassicCanvasApp","appComponents":[]}}